{"acc": [0.412347805190644, 0.544336751041333, 0.6106616469080423, 0.6531360140980454, 0.6783082345402115, 0.694368792053829, 0.7074455302787568, 0.7156560397308555, 0.7292334187760333, 0.7346803909003524, 0.7387656199935918, 0.7481776674142903, 0.7536046139057995, 0.7550664851009292, 0.7599126882409484, 0.762756328099968, 0.7657801986542775, 0.7724487343800064, 0.7754525793015059, 0.775032041012496, 0.7770946811919257, 0.7770346042934957, 0.7816805511054149, 0.7867670618391541, 0.7858659083627043, 0.7889899070810638, 0.7873319462227913, 0.7919740218088518, 0.7946371355334828, 0.7943968279397629], "loss": [1.687178481813044, 1.2840581295086153, 1.112951858003183, 1.0060257346001393, 0.9472171083087915, 0.9068961344021935, 0.8657556412236044, 0.8444757283555129, 0.8185540270114013, 0.8024619920767107, 0.7888918845021774, 0.767467990742017, 0.7598215011937692, 0.7505873349071198, 0.7423101601903158, 0.7364601313552196, 0.7293541663753341, 0.7136621492407865, 0.702356135127102, 0.7073910366797516, 0.6969937542354935, 0.697303767293663, 0.6874888773454912, 0.6776072890358986, 0.6765007528308415, 0.6699760643880515, 0.673009216594635, 0.6620896190424008, 0.6573861485603183, 0.6595192807907098], "num_final_test": 10000, "num_params": 82778, "final accuracy": [0.6522423451423645, 0.8093], "num_filters": 16, "steps_per_epoch": 781, "num_val_test": 500, "val_acc": [0.5580000028610229, 0.6139999990463256, 0.6619999985694885, 0.6900000019073487, 0.712, 0.7399999985694885, 0.7219999990463257, 0.758, 0.749999997138977, 0.7279999990463257, 0.7420000004768371, 0.7500000019073486, 0.7820000014305115, 0.794, 0.757999997138977, 0.7880000019073486, 0.7820000014305115, 0.77, 0.8020000028610229, 0.79, 0.7760000019073486, 0.7919999985694886, 0.7960000028610229, 0.7899999971389771, 0.7839999985694885, 0.794, 0.8020000014305114, 0.808, 0.8239999980926513, 0.804], "num_epochs": 30, "model": "{\"class_name\": \"Model\", \"keras_version\": \"2.2.2\", \"config\": {\"layers\": [{\"class_name\": \"InputLayer\", \"config\": {\"dtype\": \"float32\", \"batch_input_shape\": [null, 3, 32, 32], \"name\": \"input_1\", \"sparse\": false}, \"inbound_nodes\": [], \"name\": \"input_1\"}, {\"class_name\": \"Conv2D\", \"config\": {\"kernel_constraint\": null, \"kernel_initializer\": {\"class_name\": \"VarianceScaling\", \"config\": {\"distribution\": \"uniform\", \"scale\": 1.0, \"seed\": null, \"mode\": \"fan_avg\"}}, \"name\": \"conv2d_1\", \"bias_regularizer\": null, \"bias_constraint\": null, \"activation\": \"relu\", \"trainable\": true, \"data_format\": \"channels_first\", \"padding\": \"same\", \"strides\": [1, 1], \"dilation_rate\": [1, 1], \"kernel_regularizer\": {\"class_name\": \"L1L2\", \"config\": {\"l2\": 9.999999747378752e-05, \"l1\": 0.0}}, \"filters\": 16, \"bias_initializer\": {\"class_name\": \"Zeros\", \"config\": {}}, \"use_bias\": true, \"activity_regularizer\": null, \"kernel_size\": [3, 3]}, \"inbound_nodes\": [[[\"input_1\", 0, 0, {}]]], \"name\": \"conv2d_1\"}, {\"class_name\": \"BatchNormalization\", \"config\": {\"beta_constraint\": null, \"gamma_initializer\": {\"class_name\": \"Ones\", \"config\": {}}, \"moving_mean_initializer\": {\"class_name\": \"Zeros\", \"config\": {}}, \"name\": \"batch_normalization_1\", \"epsilon\": 0.001, \"trainable\": true, \"moving_variance_initializer\": {\"class_name\": \"Ones\", \"config\": {}}, \"beta_initializer\": {\"class_name\": \"Zeros\", \"config\": {}}, \"scale\": true, \"axis\": -1, \"gamma_constraint\": null, \"gamma_regularizer\": null, \"beta_regularizer\": null, \"momentum\": 0.99, \"center\": true}, \"inbound_nodes\": [[[\"conv2d_1\", 0, 0, {}]]], \"name\": \"batch_normalization_1\"}, {\"class_name\": \"Conv2D\", \"config\": {\"kernel_constraint\": null, \"kernel_initializer\": {\"class_name\": \"VarianceScaling\", \"config\": {\"distribution\": \"uniform\", \"scale\": 1.0, \"seed\": null, \"mode\": \"fan_avg\"}}, \"name\": \"conv2d_2\", \"bias_regularizer\": null, \"bias_constraint\": null, \"activation\": \"relu\", \"trainable\": true, \"data_format\": \"channels_first\", \"padding\": \"same\", \"strides\": [1, 1], \"dilation_rate\": [1, 1], \"kernel_regularizer\": {\"class_name\": \"L1L2\", \"config\": {\"l2\": 9.999999747378752e-05, \"l1\": 0.0}}, \"filters\": 16, \"bias_initializer\": {\"class_name\": \"Zeros\", \"config\": {}}, \"use_bias\": true, \"activity_regularizer\": null, \"kernel_size\": [3, 3]}, \"inbound_nodes\": [[[\"batch_normalization_1\", 0, 0, {}]]], \"name\": \"conv2d_2\"}, {\"class_name\": \"BatchNormalization\", \"config\": {\"beta_constraint\": null, \"gamma_initializer\": {\"class_name\": \"Ones\", \"config\": {}}, \"moving_mean_initializer\": {\"class_name\": \"Zeros\", \"config\": {}}, \"name\": \"batch_normalization_2\", \"epsilon\": 0.001, \"trainable\": true, \"moving_variance_initializer\": {\"class_name\": \"Ones\", \"config\": {}}, \"beta_initializer\": {\"class_name\": \"Zeros\", \"config\": {}}, \"scale\": true, \"axis\": -1, \"gamma_constraint\": null, \"gamma_regularizer\": null, \"beta_regularizer\": null, \"momentum\": 0.99, \"center\": true}, \"inbound_nodes\": [[[\"conv2d_2\", 0, 0, {}]]], \"name\": \"batch_normalization_2\"}, {\"class_name\": \"MaxPooling2D\", \"config\": {\"name\": \"max_pooling2d_1\", \"trainable\": true, \"data_format\": \"channels_first\", \"pool_size\": [2, 2], \"padding\": \"valid\", \"strides\": [2, 2]}, \"inbound_nodes\": [[[\"batch_normalization_2\", 0, 0, {}]]], \"name\": \"max_pooling2d_1\"}, {\"class_name\": \"Dropout\", \"config\": {\"rate\": 0.2, \"noise_shape\": null, \"trainable\": true, \"seed\": null, \"name\": \"dropout_1\"}, \"inbound_nodes\": [[[\"max_pooling2d_1\", 0, 0, {}]]], \"name\": \"dropout_1\"}, {\"class_name\": \"Conv2D\", \"config\": {\"kernel_constraint\": null, \"kernel_initializer\": {\"class_name\": \"VarianceScaling\", \"config\": {\"distribution\": \"uniform\", \"scale\": 1.0, \"seed\": null, \"mode\": \"fan_avg\"}}, \"name\": \"conv2d_3\", \"bias_regularizer\": null, \"bias_constraint\": null, \"activation\": \"relu\", \"trainable\": true, \"data_format\": \"channels_first\", \"padding\": \"same\", \"strides\": [1, 1], \"dilation_rate\": [1, 1], \"kernel_regularizer\": {\"class_name\": \"L1L2\", \"config\": {\"l2\": 9.999999747378752e-05, \"l1\": 0.0}}, \"filters\": 32, \"bias_initializer\": {\"class_name\": \"Zeros\", \"config\": {}}, \"use_bias\": true, \"activity_regularizer\": null, \"kernel_size\": [3, 3]}, \"inbound_nodes\": [[[\"dropout_1\", 0, 0, {}]]], \"name\": \"conv2d_3\"}, {\"class_name\": \"BatchNormalization\", \"config\": {\"beta_constraint\": null, \"gamma_initializer\": {\"class_name\": \"Ones\", \"config\": {}}, \"moving_mean_initializer\": {\"class_name\": \"Zeros\", \"config\": {}}, \"name\": \"batch_normalization_3\", \"epsilon\": 0.001, \"trainable\": true, \"moving_variance_initializer\": {\"class_name\": \"Ones\", \"config\": {}}, \"beta_initializer\": {\"class_name\": \"Zeros\", \"config\": {}}, \"scale\": true, \"axis\": -1, \"gamma_constraint\": null, \"gamma_regularizer\": null, \"beta_regularizer\": null, \"momentum\": 0.99, \"center\": true}, \"inbound_nodes\": [[[\"conv2d_3\", 0, 0, {}]]], \"name\": \"batch_normalization_3\"}, {\"class_name\": \"Conv2D\", \"config\": {\"kernel_constraint\": null, \"kernel_initializer\": {\"class_name\": \"VarianceScaling\", \"config\": {\"distribution\": \"uniform\", \"scale\": 1.0, \"seed\": null, \"mode\": \"fan_avg\"}}, \"name\": \"conv2d_4\", \"bias_regularizer\": null, \"bias_constraint\": null, \"activation\": \"relu\", \"trainable\": true, \"data_format\": \"channels_first\", \"padding\": \"same\", \"strides\": [1, 1], \"dilation_rate\": [1, 1], \"kernel_regularizer\": {\"class_name\": \"L1L2\", \"config\": {\"l2\": 9.999999747378752e-05, \"l1\": 0.0}}, \"filters\": 32, \"bias_initializer\": {\"class_name\": \"Zeros\", \"config\": {}}, \"use_bias\": true, \"activity_regularizer\": null, \"kernel_size\": [3, 3]}, \"inbound_nodes\": 