{"acc": [0.4338953860942006, 0.6098205703300225, 0.6797100288369112, 0.7165371675744954, 0.7383450817045819, 0.756848766421019, 0.7698454021147069, 0.7797981416212753, 0.7886094200576739, 0.7965796219160526, 0.8020866709388017, 0.8094360781800705, 0.8103772829221403, 0.8194889458506889, 0.8243551746235181, 0.8293615828260174, 0.831143864146107, 0.8360100929189362, 0.8367109900672861, 0.8396948093559756, 0.8405959628324255, 0.8453820890740147, 0.8468439602691445, 0.8488665491829542, 0.8527915732137136, 0.8517502403075937, 0.8520706504325537, 0.8548141621275233, 0.8549943928228132, 0.8593800064082024], "loss": [1.6690253063640088, 1.1438017679460153, 0.9655060770323703, 0.8742833403164437, 0.8264188732485174, 0.7807085408266062, 0.7529631720945951, 0.7315952601397661, 0.714020601719933, 0.6957475096512513, 0.6851264726978126, 0.6695812833840096, 0.662251422856718, 0.6509039646175113, 0.6383525428768917, 0.6273949488887647, 0.6245256439113953, 0.6120884014948252, 0.6122270204706934, 0.6048198459011666, 0.5978066145667126, 0.589142665863801, 0.5872829769980025, 0.5794680090391342, 0.5735509271749278, 0.5768352281355926, 0.5717692969797208, 0.5633897827971024, 0.5626298902852915, 0.5565798102720775], "num_final_test": 10000, "num_params": 307946, "final accuracy": [0.5787052343368531, 0.8622], "num_filters": 32, "steps_per_epoch": 781, "num_val_test": 500, "val_acc": [0.6160000019073486, 0.6779999971389771, 0.7239999985694885, 0.7520000004768371, 0.764000002861023, 0.7960000009536743, 0.7619999995231629, 0.8040000028610229, 0.8100000028610229, 0.7880000014305115, 0.812, 0.8140000028610229, 0.8359999995231628, 0.8400000009536743, 0.8200000014305114, 0.8119999995231628, 0.8279999995231628, 0.8499999990463257, 0.8419999980926514, 0.8200000009536743, 0.8239999980926513, 0.8439999995231628, 0.8599999976158142, 0.8479999995231629, 0.8540000023841858, 0.8639999995231629, 0.8639999976158143, 0.8580000023841858, 0.8519999976158142, 0.8839999976158142], "num_epochs": 30, "model": "{\"class_name\": \"Model\", \"keras_version\": \"2.2.2\", \"config\": {\"layers\": [{\"class_name\": \"InputLayer\", \"config\": {\"dtype\": \"float32\", \"batch_input_shape\": [null, 3, 32, 32], \"name\": \"input_1\", \"sparse\": false}, \"inbound_nodes\": [], \"name\": \"input_1\"}, {\"class_name\": \"Conv2D\", \"config\": {\"kernel_constraint\": null, \"kernel_initializer\": {\"class_name\": \"VarianceScaling\", \"config\": {\"distribution\": \"uniform\", \"scale\": 1.0, \"seed\": null, \"mode\": \"fan_avg\"}}, \"name\": \"conv2d_1\", \"bias_regularizer\": null, \"bias_constraint\": null, \"activation\": \"relu\", \"trainable\": true, \"data_format\": \"channels_first\", \"padding\": \"same\", \"strides\": [1, 1], \"dilation_rate\": [1, 1], \"kernel_regularizer\": {\"class_name\": \"L1L2\", \"config\": {\"l2\": 9.999999747378752e-05, \"l1\": 0.0}}, \"filters\": 32, \"bias_initializer\": {\"class_name\": \"Zeros\", \"config\": {}}, \"use_bias\": true, \"activity_regularizer\": null, \"kernel_size\": [3, 3]}, \"inbound_nodes\": [[[\"input_1\", 0, 0, {}]]], \"name\": \"conv2d_1\"}, {\"class_name\": \"BatchNormalization\", \"config\": {\"beta_constraint\": null, \"gamma_initializer\": {\"class_name\": \"Ones\", \"config\": {}}, \"moving_mean_initializer\": {\"class_name\": \"Zeros\", \"config\": {}}, \"name\": \"batch_normalization_1\", \"epsilon\": 0.001, \"trainable\": true, \"moving_variance_initializer\": {\"class_name\": \"Ones\", \"config\": {}}, \"beta_initializer\": {\"class_name\": \"Zeros\", \"config\": {}}, \"scale\": true, \"axis\": -1, \"gamma_constraint\": null, \"gamma_regularizer\": null, \"beta_regularizer\": null, \"momentum\": 0.99, \"center\": true}, \"inbound_nodes\": [[[\"conv2d_1\", 0, 0, {}]]], \"name\": \"batch_normalization_1\"}, {\"class_name\": \"Conv2D\", \"config\": {\"kernel_constraint\": null, \"kernel_initializer\": {\"class_name\": \"VarianceScaling\", \"config\": {\"distribution\": \"uniform\", \"scale\": 1.0, \"seed\": null, \"mode\": \"fan_avg\"}}, \"name\": \"conv2d_2\", \"bias_regularizer\": null, \"bias_constraint\": null, \"activation\": \"relu\", \"trainable\": true, \"data_format\": \"channels_first\", \"padding\": \"same\", \"strides\": [1, 1], \"dilation_rate\": [1, 1], \"kernel_regularizer\": {\"class_name\": \"L1L2\", \"config\": {\"l2\": 9.999999747378752e-05, \"l1\": 0.0}}, \"filters\": 32, \"bias_initializer\": {\"class_name\": \"Zeros\", \"config\": {}}, \"use_bias\": true, \"activity_regularizer\": null, \"kernel_size\": [3, 3]}, \"inbound_nodes\": [[[\"batch_normalization_1\", 0, 0, {}]]], \"name\": \"conv2d_2\"}, {\"class_name\": \"BatchNormalization\", \"config\": {\"beta_constraint\": null, \"gamma_initializer\": {\"class_name\": \"Ones\", \"config\": {}}, \"moving_mean_initializer\": {\"class_name\": \"Zeros\", \"config\": {}}, \"name\": \"batch_normalization_2\", \"epsilon\": 0.001, \"trainable\": true, \"moving_variance_initializer\": {\"class_name\": \"Ones\", \"config\": {}}, \"beta_initializer\": {\"class_name\": \"Zeros\", \"config\": {}}, \"scale\": true, \"axis\": -1, \"gamma_constraint\": null, \"gamma_regularizer\": null, \"beta_regularizer\": null, \"momentum\": 0.99, \"center\": true}, \"inbound_nodes\": [[[\"conv2d_2\", 0, 0, {}]]], \"name\": \"batch_normalization_2\"}, {\"class_name\": \"MaxPooling2D\", \"config\": {\"name\": \"max_pooling2d_1\", \"trainable\": true, \"data_format\": \"channels_first\", \"pool_size\": [2, 2], \"padding\": \"valid\", \"strides\": [2, 2]}, \"inbound_nodes\": [[[\"batch_normalization_2\", 0, 0, {}]]], \"name\": \"max_pooling2d_1\"}, {\"class_name\": \"Dropout\", \"config\": {\"rate\": 0.2, \"noise_shape\": null, \"trainable\": true, \"seed\": null, \"name\": \"dropout_1\"}, \"inbound_nodes\": [[[\"max_pooling2d_1\", 0, 0, {}]]], \"name\": \"dropout_1\"}, {\"class_name\": \"Conv2D\", \"config\": {\"kernel_constraint\": null, \"kernel_initializer\": {\"class_name\": \"VarianceScaling\", \"config\": {\"distribution\": \"uniform\", \"scale\": 1.0, \"seed\": null, \"mode\": \"fan_avg\"}}, \"name\": \"conv2d_3\", \"bias_regularizer\": null, \"bias_constraint\": null, \"activation\": \"relu\", \"trainable\": true, \"data_format\": \"channels_first\", \"padding\": \"same\", \"strides\": [1, 1], \"dilation_rate\": [1, 1], \"kernel_regularizer\": {\"class_name\": \"L1L2\", \"config\": {\"l2\": 9.999999747378752e-05, \"l1\": 0.0}}, \"filters\": 64, \"bias_initializer\": {\"class_name\": \"Zeros\", \"config\": {}}, \"use_bias\": true, \"activity_regularizer\": null, \"kernel_size\": [3, 3]}, \"inbound_nodes\": [[[\"dropout_1\", 0, 0, {}]]], \"name\": \"conv2d_3\"}, {\"class_name\": \"BatchNormalization\", \"config\": {\"beta_constraint\": null, \"gamma_initializer\": {\"class_name\": \"Ones\", \"config\": {}}, \"moving_mean_initializer\": {\"class_name\": \"Zeros\", \"config\": {}}, \"name\": \"batch_normalization_3\", \"epsilon\": 0.001, \"trainable\": true, \"moving_variance_initializer\": {\"class_name\": \"Ones\", \"config\": {}}, \"beta_initializer\": {\"class_name\": \"Zeros\", \"config\": {}}, \"scale\": true, \"axis\": -1, \"gamma_constraint\": null, \"gamma_regularizer\": null, \"beta_regularizer\": null, \"momentum\": 0.99, \"center\": true}, \"inbound_nodes\": [[[\"conv2d_3\", 0, 0, {}]]], \"name\": \"batch_normalization_3\"}, {\"class_name\": \"Conv2D\", \"config\": {\"kernel_constraint\": null, \"kernel_initializer\": {\"class_name\": \"VarianceScaling\", \"config\": {\"distribution\": \"uniform\", \"scale\": 1.0, \"seed\": null, \"mode\": \"fan_avg\"}}, \"name\": \"conv2d_4\", \"bias_regularizer\": null, \"bias_constraint\": null, \"activation\": \"relu\", \"trainable\": true, \"data_format\": \"channels_first\", \"padding\": \"same\", \"strides\": [1, 1], \"dilation_rate\": [1, 1], \"kernel_regularizer\": {\"class_name\": \"L1L2\", \"config\": {\"l2\": 9.999999747378752e-05, \"l1\": 0.0}}, \"filters\": 64, \"bias_initializer\": {\"class_name\": \"Zeros\", \"config\": {}}, 