{"acc": [0.35167013777635375, 0.487524030759372, 0.5417334187760333, 0.5716116629285486, 0.5968039090035245, 0.6117029798141621, 0.6244793335469401, 0.637475969240628, 0.6455262736302467, 0.6545177827619353, 0.6568808074335148, 0.6615467798782442, 0.668715956424223, 0.6717598526113425, 0.6788689522588914, 0.6800704902274912, 0.6827739506568408, 0.6865988465235502, 0.6900032041012496, 0.6908042294136495, 0.6906840756167895, 0.6954702018583787, 0.6971723806472284, 0.6988144825376482, 0.700056071771868, 0.6986743031079782, 0.7019985581544377, 0.7044416853572573, 0.706564402435117, 0.7087271707785966], "loss": [1.8335621940214946, 1.4271416347479828, 1.288549903034209, 1.2096062533483412, 1.1497101622947856, 1.1036259555847208, 1.0732743467172343, 1.0435732269623232, 1.0185277062285905, 0.997037513884013, 0.9884295902623461, 0.9718847997732477, 0.9563556192433823, 0.9495552904290367, 0.934478313618843, 0.932262580771356, 0.9211372382096166, 0.9163810370328219, 0.9058688435559088, 0.8983492294934574, 0.8993203443848372, 0.8950810008650978, 0.8869244990078389, 0.8819456899521328, 0.8794443182401342, 0.8773974480059085, 0.8749556031528095, 0.8682462100568623, 0.8647771867297086, 0.8600617824972765], "num_final_test": 10000, "num_params": 23762, "final accuracy": [0.8660754230499268, 0.7107], "num_filters": 8, "steps_per_epoch": 781, "num_val_test": 500, "val_acc": [0.48200000047683716, 0.516, 0.5800000028610229, 0.6040000023841858, 0.6419999976158142, 0.6360000023841857, 0.6420000009536743, 0.6780000019073487, 0.6660000004768372, 0.6860000019073487, 0.6800000019073487, 0.686, 0.6899999971389771, 0.6899999971389771, 0.6559999976158142, 0.6779999990463257, 0.6799999971389771, 0.6840000004768372, 0.6539999976158142, 0.6819999990463257, 0.7059999985694885, 0.7079999985694885, 0.7099999985694885, 0.6779999971389771, 0.6939999990463257, 0.7019999990463257, 0.7340000014305115, 0.722, 0.6819999971389771, 0.6740000004768372], "num_epochs": 30, "model": "{\"class_name\": \"Model\", \"keras_version\": \"2.2.2\", \"config\": {\"layers\": [{\"class_name\": \"InputLayer\", \"config\": {\"dtype\": \"float32\", \"batch_input_shape\": [null, 3, 32, 32], \"name\": \"input_1\", \"sparse\": false}, \"inbound_nodes\": [], \"name\": \"input_1\"}, {\"class_name\": \"Conv2D\", \"config\": {\"kernel_constraint\": null, \"kernel_initializer\": {\"class_name\": \"VarianceScaling\", \"config\": {\"distribution\": \"uniform\", \"scale\": 1.0, \"seed\": null, \"mode\": \"fan_avg\"}}, \"name\": \"conv2d_1\", \"bias_regularizer\": null, \"bias_constraint\": null, \"activation\": \"relu\", \"trainable\": true, \"data_format\": \"channels_first\", \"padding\": \"same\", \"strides\": [1, 1], \"dilation_rate\": [1, 1], \"kernel_regularizer\": {\"class_name\": \"L1L2\", \"config\": {\"l2\": 9.999999747378752e-05, \"l1\": 0.0}}, \"filters\": 8, \"bias_initializer\": {\"class_name\": \"Zeros\", \"config\": {}}, \"use_bias\": true, \"activity_regularizer\": null, \"kernel_size\": [3, 3]}, \"inbound_nodes\": [[[\"input_1\", 0, 0, {}]]], \"name\": \"conv2d_1\"}, {\"class_name\": \"BatchNormalization\", \"config\": {\"beta_constraint\": null, \"gamma_initializer\": {\"class_name\": \"Ones\", \"config\": {}}, \"moving_mean_initializer\": {\"class_name\": \"Zeros\", \"config\": {}}, \"name\": \"batch_normalization_1\", \"epsilon\": 0.001, \"trainable\": true, \"moving_variance_initializer\": {\"class_name\": \"Ones\", \"config\": {}}, \"beta_initializer\": {\"class_name\": \"Zeros\", \"config\": {}}, \"scale\": true, \"axis\": -1, \"gamma_constraint\": null, \"gamma_regularizer\": null, \"beta_regularizer\": null, \"momentum\": 0.99, \"center\": true}, \"inbound_nodes\": [[[\"conv2d_1\", 0, 0, {}]]], \"name\": \"batch_normalization_1\"}, {\"class_name\": \"Conv2D\", \"config\": {\"kernel_constraint\": null, \"kernel_initializer\": {\"class_name\": \"VarianceScaling\", \"config\": {\"distribution\": \"uniform\", \"scale\": 1.0, \"seed\": null, \"mode\": \"fan_avg\"}}, \"name\": \"conv2d_2\", \"bias_regularizer\": null, \"bias_constraint\": null, \"activation\": \"relu\", \"trainable\": true, \"data_format\": \"channels_first\", \"padding\": \"same\", \"strides\": [1, 1], \"dilation_rate\": [1, 1], \"kernel_regularizer\": {\"class_name\": \"L1L2\", \"config\": {\"l2\": 9.999999747378752e-05, \"l1\": 0.0}}, \"filters\": 8, \"bias_initializer\": {\"class_name\": \"Zeros\", \"config\": {}}, \"use_bias\": true, \"activity_regularizer\": null, \"kernel_size\": [3, 3]}, \"inbound_nodes\": [[[\"batch_normalization_1\", 0, 0, {}]]], \"name\": \"conv2d_2\"}, {\"class_name\": \"BatchNormalization\", \"config\": {\"beta_constraint\": null, \"gamma_initializer\": {\"class_name\": \"Ones\", \"config\": {}}, \"moving_mean_initializer\": {\"class_name\": \"Zeros\", \"config\": {}}, \"name\": \"batch_normalization_2\", \"epsilon\": 0.001, \"trainable\": true, \"moving_variance_initializer\": {\"class_name\": \"Ones\", \"config\": {}}, \"beta_initializer\": {\"class_name\": \"Zeros\", \"config\": {}}, \"scale\": true, \"axis\": -1, \"gamma_constraint\": null, \"gamma_regularizer\": null, \"beta_regularizer\": null, \"momentum\": 0.99, \"center\": true}, \"inbound_nodes\": [[[\"conv2d_2\", 0, 0, {}]]], \"name\": \"batch_normalization_2\"}, {\"class_name\": \"MaxPooling2D\", \"config\": {\"name\": \"max_pooling2d_1\", \"trainable\": true, \"data_format\": \"channels_first\", \"pool_size\": [2, 2], \"padding\": \"valid\", \"strides\": [2, 2]}, \"inbound_nodes\": [[[\"batch_normalization_2\", 0, 0, {}]]], \"name\": \"max_pooling2d_1\"}, {\"class_name\": \"Dropout\", \"config\": {\"rate\": 0.2, \"noise_shape\": null, \"trainable\": true, \"seed\": null, \"name\": \"dropout_1\"}, \"inbound_nodes\": [[[\"max_pooling2d_1\", 0, 0, {}]]], \"name\": \"dropout_1\"}, {\"class_name\": \"Conv2D\", \"config\": {\"kernel_constraint\": null, \"kernel_initializer\": {\"class_name\": \"VarianceScaling\", \"config\": {\"distribution\": \"uniform\", \"scale\": 1.0, \"seed\": null, \"mode\": \"fan_avg\"}}, \"name\": \"conv2d_3\", \"bias_regularizer\": null, \"bias_constraint\": null, \"activation\": \"relu\", \"trainable\": true, \"data_format\": \"channels_first\", \"padding\": \"same\", \"strides\": [1, 1], \"dilation_rate\": [1, 1], \"kernel_regularizer\": {\"class_name\": \"L1L2\", \"config\": {\"l2\": 9.999999747378752e-05, \"l1\": 0.0}}, \"filters\": 16, \"bias_initializer\": {\"class_name\": \"Zeros\", \"config\": {}}, \"use_bias\": true, \"activity_regularizer\": null, \"kernel_size\": [3, 3]}, \"inbound_nodes\": [[[\"dropout_1\", 0, 0, {}]]], \"name\": \"conv2d_3\"}, {\"class_name\": \"BatchNormalization\", \"config\": {\"beta_constraint\": null, \"gamma_initializer\": {\"class_name\": \"Ones\", \"config\": {}}, \"moving_mean_initializer\": {\"class_name\": \"Zeros\", \"config\": {}}, \"name\": \"batch_normalization_3\", \"epsilon\": 0.001, \"trainable\": true, \"moving_variance_initializer\": {\"class_name\": \"Ones\", \"config\": {}}, \"beta_initializer\": {\"class_name\": \"Zeros\", \"config\": {}}, \"scale\": true, \"axis\": -1, \"gamma_constraint\": null, \"gamma_regularizer\": null, \"beta_regularizer\": null, \"momentum\": 0.99, \"center\": true}, \"inbound_nodes\": [[[\"conv2d_3\", 0, 0, {}]]], \"name\": \"batch_normalization_3\"}, {\"class_name\": \"Conv2D\", \"config\": {\"kernel_constraint\": null, \"kernel_initializer\": {\"class_name\": \"VarianceScaling\", \"config\": {\"distribution\": \"uniform\", \"scale\": 1.0, \"seed\": null, \"mode\": \"fan_avg\"}}, \"name\": \"conv2d_4\", \"bias_regularizer\": null, \"bias_constraint\": null, \"activation\": \"relu\", \"trainable\": true, \"data_format\": \"channels_first\", \"padding\": \"same\", \"strides\": [1, 1], \"dilation_rate\": [1, 1], \"kernel_regularizer\": {\"class_name\": \"L1L2\", \"config\": {\"l2\": 9.999999747378752e-05, \"l1\": 0.0}}, \"filters\": 16, \"bias_initializer\": {\"class_name\": \"Zeros\", \"config\": {}}, \"use_bias\": true, 