{"acc": [0.356276033322653, 0.5039851009291894, 0.5519464915091317, 0.5834067606536366, 0.6025712912528036, 0.618431592438321, 0.6280839474527395, 0.6353732777955784, 0.6451057353412368, 0.6512736302467158, 0.6567206023710349, 0.6618671900032042, 0.6665732137135534, 0.6730414931111823, 0.675364466517142, 0.6795297981416213, 0.6817926946491509, 0.6827939762896508, 0.6869192566485101, 0.6854573854533803, 0.6905839474527395, 0.6932874078820891, 0.6955503043896187, 0.6979133290611983, 0.700036046139058, 0.6979133290611983, 0.7045618391541173, 0.7036606856776674, 0.7048421980134573, 0.706604453700737, 0.705983659083627, 0.7066445049663569, 0.7092678628644665, 0.7102290932393464, 0.7104493752002563, 0.7137536046139058, 0.7117710669657161, 0.7109299903876962, 0.7165972444729254, 0.7158362704261455, 0.7158162447933355, 0.719080422941365, 0.718639859019545, 0.7173181672540853, 0.7186198333867351, 0.7213032681832746, 0.719020346042935, 0.7194208586991349, 0.7237664210189042, 0.7198614226209549, 0.7279918295418135, 0.7251882409484139, 0.7246074975969241, 0.7257689842999039, 0.7243271387375841, 0.7271107016981737, 0.7275913168856136, 0.7266300865107337, 0.7285525472604935, 0.7287928548542134], "loss": [1.814921914557164, 1.3917163422916685, 1.259160706264321, 1.1769533430831014, 1.1257722231104985, 1.0886695853260533, 1.064104003082747, 1.0427725130989933, 1.0192106444268072, 1.0017190789496506, 0.98910412013779, 0.9727396388269318, 0.9595841950080747, 0.9497492539504521, 0.9438731033272638, 0.9306045412749901, 0.9248237968522438, 0.9200010829077283, 0.9132044769868909, 0.9108924179533971, 0.9057130412542067, 0.8944289041459274, 0.8908404465173919, 0.8856881751115794, 0.8795315787334619, 0.8822025837557548, 0.87371561279743, 0.8729644798193555, 0.8689794524744969, 0.8645357454254703, 0.8657461779692814, 0.8643136228631987, 0.8559453509358862, 0.8560052552081117, 0.8503061207163529, 0.8448711715230419, 0.8489164400085429, 0.8481912015149777, 0.8378449982651072, 0.838810778703112, 0.8361079716140053, 0.8316336768210526, 0.8293628496300215, 0.8302545912255846, 0.8294834003200977, 0.8278634178451298, 0.82809096217652, 0.8268876107829154, 0.8200053941435785, 0.8218501447981957, 0.8122977176105239, 0.8127101820579365, 0.8148356813797772, 0.8131228794810177, 0.8125281362570237, 0.8092027129232406, 0.8090042823478604, 0.8066271608149307, 0.8059005166085551, 0.8068181983326842], "num_final_test": 10000, "num_params": 23762, "final accuracy": [0.8035227406978607, 0.7416], "num_filters": 8, "steps_per_epoch": 781, "num_val_test": 500, "val_acc": [0.46799999856948854, 0.5620000028610229, 0.6040000004768371, 0.6079999995231629, 0.6240000023841857, 0.6400000009536743, 0.6200000009536744, 0.6579999990463257, 0.6460000004768371, 0.6519999976158142, 0.6600000023841858, 0.6620000009536743, 0.6679999976158142, 0.6699999990463257, 0.6620000004768372, 0.6699999976158142, 0.6680000009536743, 0.6999999985694886, 0.6920000004768372, 0.6879999990463257, 0.6980000004768372, 0.7059999971389771, 0.6660000004768372, 0.6719999990463257, 0.7119999971389771, 0.7000000004768372, 0.7020000019073487, 0.6959999990463257, 0.7000000019073487, 0.7100000004768372, 0.6980000023841858, 0.6940000004768372, 0.7180000019073486, 0.7180000019073486, 0.7040000019073487, 0.7060000014305114, 0.7119999971389771, 0.7280000019073486, 0.7240000019073486, 0.7200000004768372, 0.728, 0.7320000019073486, 0.7400000019073486, 0.7080000019073487, 0.7320000019073486, 0.7060000019073487, 0.7220000004768372, 0.715999997138977, 0.725999997138977, 0.7220000019073486, 0.7119999985694885, 0.7299999985694885, 0.7300000019073486, 0.7179999985694885, 0.7339999985694885, 0.7439999985694885, 0.7379999985694885, 0.725999997138977, 0.748000002861023, 0.7420000004768371], "num_epochs": 60, "model": "{\"class_name\": \"Model\", \"keras_version\": \"2.2.2\", \"config\": {\"layers\": [{\"class_name\": \"InputLayer\", \"config\": {\"dtype\": \"float32\", \"batch_input_shape\": [null, 3, 32, 32], \"name\": \"input_1\", \"sparse\": false}, \"inbound_nodes\": [], \"name\": \"input_1\"}, {\"class_name\": \"Conv2D\", \"config\": {\"kernel_constraint\": null, \"kernel_initializer\": {\"class_name\": \"VarianceScaling\", \"config\": {\"distribution\": \"uniform\", \"scale\": 1.0, \"seed\": null, \"mode\": \"fan_avg\"}}, \"name\": \"conv2d_1\", \"bias_regularizer\": null, \"bias_constraint\": null, \"activation\": \"relu\", \"trainable\": true, \"data_format\": \"channels_first\", \"padding\": \"same\", \"strides\": [1, 1], \"dilation_rate\": [1, 1], \"kernel_regularizer\": {\"class_name\": \"L1L2\", \"config\": {\"l2\": 9.999999747378752e-05, \"l1\": 0.0}}, \"filters\": 8, \"bias_initializer\": {\"class_name\": \"Zeros\", \"config\": {}}, \"use_bias\": true, \"activity_regularizer\": null, \"kernel_size\": [3, 3]}, \"inbound_nodes\": [[[\"input_1\", 0, 0, {}]]], \"name\": \"conv2d_1\"}, {\"class_name\": \"BatchNormalization\", \"config\": {\"beta_constraint\": null, \"gamma_initializer\": {\"class_name\": \"Ones\", \"config\": {}}, \"moving_mean_initializer\": {\"class_name\": \"Zeros\", \"config\": {}}, \"name\": \"batch_normalization_1\", \"epsilon\": 0.001, \"trainable\": true, \"moving_variance_initializer\": {\"class_name\": \"Ones\", \"config\": {}}, \"beta_initializer\": {\"class_name\": \"Zeros\", \"config\": {}}, \"scale\": true, \"axis\": -1, \"gamma_constraint\": null, \"gamma_regularizer\": null, \"beta_regularizer\": null, \"momentum\": 0.99, \"center\": true}, \"inbound_nodes\": [[[\"conv2d_1\", 0, 0, {}]]], \"name\": \"batch_normalization_1\"}, {\"class_name\": \"Conv2D\", \"config\": {\"kernel_constraint\": null, \"kernel_initializer\": {\"class_name\": \"VarianceScaling\", \"config\": {\"distribution\": \"uniform\", \"scale\": 1.0, \"seed\": null, \"mode\": \"fan_avg\"}}, \"name\": \"conv2d_2\", \"bias_regularizer\": null, \"bias_constraint\": null, \"activation\": \"relu\", \"trainable\": true, \"data_format\": \"channels_first\", \"padding\": \"same\", \"strides\": [1, 1], \"dilation_rate\": [1, 1], \"kernel_regularizer\": {\"class_name\": \"L1L2\", \"config\": {\"l2\": 9.999999747378752e-05, \"l1\": 0.0}}, \"filters\": 8, \"bias_initializer\": {\"class_name\": \"Zeros\", \"config\": {}}, \"use_bias\": true, \"activity_regularizer\": null, \"kernel_size\": [3, 3]}, \"inbound_nodes\": [[[\"batch_normalization_1\", 0, 0, {}]]], \"name\": \"conv2d_2\"}, {\"class_name\": \"BatchNormalization\", \"config\": {\"beta_constraint\": null, \"gamma_initializer\": {\"class_name\": \"Ones\", \"config\": {}}, \"moving_mean_initializer\": {\"class_name\": \"Zeros\", \"config\": {}}, \"name\": \"batch_normalization_2\", \"epsilon\": 0.001, \"trainable\": true, \"moving_variance_initializer\": {\"class_name\": \"Ones\", \"config\": {}}, \"beta_initializer\": {\"class_name\": \"Zeros\", \"config\": {}}, \"scale\": true, \"axis\": -1, \"gamma_constraint\": null, \"gamma_regularizer\": null, \"beta_regularizer\": null, \"momentum\": 0.99, \"center\": true}, \"inbound_nodes\": [[[\"conv2d_2\", 0, 0, {}]]], \"name\": \"batch_normalization_2\"}, {\"class_name\": \"MaxPooling2D\", \"config\": {\"name\": \"max_pooling2d_1\", \"trainable\": true, \"data_format\": \"channels_first\", \"pool_size\": [2, 2], \"padding\": \"valid\", \"strides\": [2, 2]}, \"inbound_nodes\": [[[\"batch_normalization_2\", 0, 0, {}]]], \"name\": \"max_pooling2d_1\"}, {\"class_name\": \"Dropout\", \"config\": {\"rate\": 0.2, \"noise_shape\": null, \"trainable\": true, \"seed\": null, \"name\": \"dropout_1\"}, \"inbound_nodes\": [[[\"max_pooling2d_1\", 0, 0, {}]]], \"name\": \"dropout_1\"}, {\"class_name\": \"Conv2D\", \"config\": {\"kernel_constraint\": null, \"kernel_initializer\": {\"class_name\": \"VarianceScaling\", \"config\": {\"distribution\": \"uniform\", \"scale\": 1.0, \"seed\": null, \"mode\": \"fan_avg\"}}, \"name\": \"conv2d_3\", \"bias_regularizer\": null, \"bias_constraint\": null, \"activation\": \"relu\", \"trainable\": true, \"data_format\": 