{"acc": [0.412608138417174, 0.5543095161807113, 0.6131648510092919, 0.6493511694969561, 0.6720201858378725, 0.6943087151553989, 0.7081864786927267, 0.7205623197693047, 0.7304750080102531, 0.7370634412047421, 0.743651874399231, 0.7505807433514899, 0.7518423582185197, 0.7577499198974688, 0.7611943287407882, 0.7668215315603973, 0.7674823774431272, 0.774631528356296, 0.7760132970201858, 0.7770546299263057, 0.7792774751682153, 0.7796779878244152, 0.7867670618391541, 0.7857257289330343, 0.787768343479654, 0.7898109580262737, 0.7906119833386736, 0.7917734700416533, 0.7947572893303428, 0.8005246715796219, 0.7950376481896828, 0.7988224927907722, 0.7981416212752322, 0.8011454661967318, 0.7994833386735021, 0.8020466196731817, 0.8019665171419417, 0.8046099006728613, 0.8076537968599807, 0.8058314642742711, 0.8055711310477411, 0.8080943607818007, 0.8098766421018904, 0.8107177186799103, 0.81262015379686, 0.8079942326177507, 0.8138817686638897, 0.8142222044216597, 0.8118191284844601, 0.8154838192886895, 0.8147829221403396, 0.8167454341557193, 0.8161046139057995, 0.8175064082024992, 0.8181672540852291, 0.8199094841396988, 0.8194488945850689, 0.8182473566164691, 0.8197092278115988, 0.8213628361075545], "loss": [1.6838153540725243, 1.2701323319230085, 1.108005764831224, 1.0161670926517876, 0.9551734335145214, 0.9040095290095712, 0.8689353180328878, 0.8375035592356923, 0.8136465035161694, 0.7964074142809595, 0.7815555860239204, 0.7666119169593049, 0.7598973114266682, 0.7451008218521111, 0.7401061863786171, 0.7270269200267871, 0.7211756182190547, 0.7127387762375269, 0.7065260264782598, 0.699962831181389, 0.6960210490211467, 0.6909527635963939, 0.6811833194111143, 0.6810445679146981, 0.6753151175762666, 0.6710885376435218, 0.6670636913020883, 0.6692081005173744, 0.6616350175172463, 0.6486776979715921, 0.657691186626383, 0.6499825269318055, 0.6494532056589686, 0.6467540251715983, 0.6428951190779202, 0.6400646796328866, 0.6376195340174126, 0.6339375633950495, 0.6301400890452706, 0.6249580332500283, 0.6277350170113497, 0.6235413221891245, 0.6206375808908328, 0.6145549059410731, 0.6121587022609032, 0.6173334504808611, 0.609413942898057, 0.6064423549370062, 0.6120081021212034, 0.6035724117640539, 0.6061341676602032, 0.6020522206611107, 0.5989717966621788, 0.5953006129431365, 0.5975363109211859, 0.5891663865357857, 0.5941501200409205, 0.5894727442402826, 0.5881536459357491, 0.5844923645906656], "num_final_test": 10000, "num_params": 82778, "final accuracy": [0.6011696109294892, 0.821], "num_filters": 16, "steps_per_epoch": 781, "num_val_test": 500, "val_acc": [0.52, 0.5819999995231628, 0.6659999971389771, 0.6679999985694886, 0.686, 0.6840000004768372, 0.7300000014305115, 0.7159999985694885, 0.748, 0.752, 0.7499999985694885, 0.7659999980926514, 0.763999997138977, 0.7940000028610229, 0.78, 0.7679999980926514, 0.7980000028610229, 0.7840000014305115, 0.7899999980926513, 0.8019999980926513, 0.7780000014305115, 0.7979999980926513, 0.8120000028610229, 0.8020000009536743, 0.7920000014305115, 0.8040000028610229, 0.8139999980926513, 0.7799999985694885, 0.8060000028610229, 0.7939999980926513, 0.8080000009536743, 0.8060000028610229, 0.7900000009536743, 0.78, 0.8060000028610229, 0.8119999995231628, 0.8140000028610229, 0.7999999980926513, 0.8139999980926513, 0.786, 0.7940000028610229, 0.7940000028610229, 0.8040000014305114, 0.8059999980926513, 0.7959999980926513, 0.7880000014305115, 0.8059999985694886, 0.8060000014305114, 0.8000000028610229, 0.7859999980926514, 0.8059999995231628, 0.8159999995231628, 0.8379999976158142, 0.8260000023841858, 0.8179999980926513, 0.8340000009536743, 0.8239999995231628, 0.8020000028610229, 0.8099999995231628, 0.8040000014305114], "num_epochs": 60, "model": "{\"class_name\": \"Model\", \"keras_version\": \"2.2.2\", \"config\": {\"layers\": [{\"class_name\": \"InputLayer\", \"config\": {\"dtype\": \"float32\", \"batch_input_shape\": [null, 3, 32, 32], \"name\": \"input_1\", \"sparse\": false}, \"inbound_nodes\": [], \"name\": \"input_1\"}, {\"class_name\": \"Conv2D\", \"config\": {\"kernel_constraint\": null, \"kernel_initializer\": {\"class_name\": \"VarianceScaling\", \"config\": {\"distribution\": \"uniform\", \"scale\": 1.0, \"seed\": null, \"mode\": \"fan_avg\"}}, \"name\": \"conv2d_1\", \"bias_regularizer\": null, \"bias_constraint\": null, \"activation\": \"relu\", \"trainable\": true, \"data_format\": \"channels_first\", \"padding\": \"same\", \"strides\": [1, 1], \"dilation_rate\": [1, 1], \"kernel_regularizer\": {\"class_name\": \"L1L2\", \"config\": {\"l2\": 9.999999747378752e-05, \"l1\": 0.0}}, \"filters\": 16, \"bias_initializer\": {\"class_name\": \"Zeros\", \"config\": {}}, \"use_bias\": true, \"activity_regularizer\": null, \"kernel_size\": [3, 3]}, \"inbound_nodes\": [[[\"input_1\", 0, 0, {}]]], \"name\": \"conv2d_1\"}, {\"class_name\": \"BatchNormalization\", \"config\": {\"beta_constraint\": null, \"gamma_initializer\": {\"class_name\": \"Ones\", \"config\": {}}, \"moving_mean_initializer\": {\"class_name\": \"Zeros\", \"config\": {}}, \"name\": \"batch_normalization_1\", \"epsilon\": 0.001, \"trainable\": true, \"moving_variance_initializer\": {\"class_name\": \"Ones\", \"config\": {}}, \"beta_initializer\": {\"class_name\": \"Zeros\", \"config\": {}}, \"scale\": true, \"axis\": -1, \"gamma_constraint\": null, \"gamma_regularizer\": null, \"beta_regularizer\": null, \"momentum\": 0.99, \"center\": true}, \"inbound_nodes\": [[[\"conv2d_1\", 0, 0, {}]]], \"name\": \"batch_normalization_1\"}, {\"class_name\": \"Conv2D\", \"config\": {\"kernel_constraint\": null, \"kernel_initializer\": {\"class_name\": \"VarianceScaling\", \"config\": {\"distribution\": \"uniform\", \"scale\": 1.0, \"seed\": null, \"mode\": \"fan_avg\"}}, \"name\": \"conv2d_2\", \"bias_regularizer\": null, \"bias_constraint\": null, \"activation\": \"relu\", \"trainable\": true, \"data_format\": \"channels_first\", \"padding\": \"same\", \"strides\": [1, 1], \"dilation_rate\": [1, 1], \"kernel_regularizer\": {\"class_name\": \"L1L2\", \"config\": {\"l2\": 9.999999747378752e-05, \"l1\": 0.0}}, \"filters\": 16, \"bias_initializer\": {\"class_name\": \"Zeros\", \"config\": {}}, \"use_bias\": true, \"activity_regularizer\": null, \"kernel_size\": [3, 3]}, \"inbound_nodes\": [[[\"batch_normalization_1\", 0, 0, {}]]], \"name\": \"conv2d_2\"}, {\"class_name\": \"BatchNormalization\", \"config\": {\"beta_constraint\": null, \"gamma_initializer\": {\"class_name\": \"Ones\", \"config\": {}}, \"moving_mean_initializer\": {\"class_name\": \"Zeros\", \"config\": {}}, \"name\": \"batch_normalization_2\", \"epsilon\": 0.001, \"trainable\": true, \"moving_variance_initializer\": {\"class_name\": \"Ones\", \"config\": {}}, \"beta_initializer\": {\"class_name\": \"Zeros\", \"config\": {}}, \"scale\": true, \"axis\": -1, \"gamma_constraint\": null, \"gamma_regularizer\": null, \"beta_regularizer\": null, \"momentum\": 0.99, \"center\": true}, \"inbound_nodes\": [[[\"conv2d_2\", 0, 0, {}]]], \"name\": \"batch_normalization_2\"}, {\"class_name\": \"MaxPooling2D\", \"config\": {\"name\": \"max_pooling2d_1\", \"trainable\": true, \"data_format\": \"channels_first\", \"pool_size\": [2, 2], \"padding\": \"valid\", \"strides\": [2, 2]}, \"inbound_nodes\": [[[\"batch_normalization_2\", 0, 0, {}]]], \"name\": \"max_pooling2d_1\"}, {\"class_name\": \"Dropout\", \"config\": {\"rate\": 0.2, \"noise_shape\": null, \"trainable\": true, \"seed\": null, \"name\": \"dropout_1\"}, \"inbound_nodes\": [[[\"max_pooling2d_1\", 0, 0, {}]]], \"name\": \"dropout_1\"}, {\"class_name\": \"Conv2D\", \"config\": {\"kernel_constraint\": null, \"kernel_initializer\": {\"class_name\": \"VarianceScaling\", \"config\": {\"distribution\": \"uniform\", \"scale\": 1.0, \"seed\": null, \"mode\": \"fan_avg\"}}, \"name\": \"conv2d_3\", \"bias_regularizer\": null, \"bias_constraint\": null, \"activation\": \"relu\", \"trainable\": true, \"data_format\": \"channels_first\", \"padding\": \"same\", \"strides\": [1, 1], \"dilation_rate\": [1,