{"acc": [0.43569769304710027, 0.618451618071131, 0.6860781800704903, 0.7203620634412048, 0.7429910285165011, 0.7574895866709388, 0.7724487343800064, 0.7826017302146748, 0.7894104453700737, 0.7972604934315924, 0.8044697212431913, 0.8083747196411407, 0.8166453059916693, 0.818768023069529, 0.8246155078500481, 0.8283402755527075, 0.8317646587632169, 0.8346082986222365, 0.8362103492470362, 0.8389138096763857, 0.8423381928868953, 0.8454221403396347, 0.8462031400192246, 0.849727651393784, 0.8508290611983339, 0.850068087151554, 0.8555150592758731, 0.8567165972444729, 0.8569769304710029, 0.8595001602050625, 0.8592349551856594, 0.8619507697241822, 0.8626441845562319, 0.8630647228452419, 0.8663889778917013, 0.8645866709388017, 0.8676105414931112, 0.8676706183915411, 0.8727971803909004, 0.8716356936879205, 0.8730775392502403, 0.8753804870233899, 0.8754605895546299, 0.8747997436719, 0.8757008971483499, 0.8776233578981096, 0.8800416133162612, 0.8784477228992944, 0.881548381928869, 0.8805070490227491, 0.8827098686318487, 0.881448253764819, 0.8818287407882089, 0.8841116629285486, 0.8854934315924383, 0.8870954822172381, 0.8865948413969882, 0.8866148670297982, 0.8878965075296379, 0.8897647247119078], "loss": [1.6650628035972226, 1.1256106389863718, 0.9554665028877039, 0.864814816243906, 0.8155214373823237, 0.77834270136817, 0.7488790836062273, 0.7257300463100154, 0.7081511880162815, 0.6948473584056092, 0.6799311817971914, 0.6697733483227427, 0.6598409918285799, 0.6508116411001627, 0.6378077692288078, 0.6337604711392643, 0.6192946929612323, 0.6151100128975024, 0.6094337900797934, 0.6030085737202573, 0.5984606883992601, 0.5901871257602156, 0.5889476735368061, 0.5788205726449973, 0.5770232836163529, 0.5769538521308312, 0.5624006849685872, 0.5618435039481304, 0.5605070318254436, 0.5545255275003347, 0.5512235066573232, 0.5494821793647666, 0.544136143578661, 0.5415105257077081, 0.5367453483215933, 0.5361237659434483, 0.5309323141854453, 0.5275329411392676, 0.5192516055178925, 0.5233503577801631, 0.5150086779943531, 0.5099911988449952, 0.5084575271232126, 0.5104700630194711, 0.5095169405759966, 0.5029120923845632, 0.4938961790252129, 0.49650073765446695, 0.4903923318062177, 0.4877698549911862, 0.48605506177973723, 0.48848640122347936, 0.48393012569409766, 0.47621827005614303, 0.47705201581669554, 0.47069331642642537, 0.4686144348407013, 0.46895908098578337, 0.46464765494888083, 0.45800160390543115], "num_final_test": 10000, "num_params": 307946, "final accuracy": [0.5171839971542358, 0.8787], "num_filters": 32, "steps_per_epoch": 781, "num_val_test": 500, "val_acc": [0.5880000004768372, 0.6800000009536743, 0.726000002861023, 0.7500000019073486, 0.744, 0.7539999985694885, 0.7980000028610229, 0.7639999985694885, 0.775999997138977, 0.796, 0.8119999980926513, 0.8119999985694886, 0.796, 0.8039999985694886, 0.8479999995231629, 0.8520000009536743, 0.804, 0.8359999980926514, 0.8519999980926514, 0.826, 0.8320000009536743, 0.8560000009536743, 0.8580000009536743, 0.8360000023841858, 0.8400000028610229, 0.8420000009536743, 0.8700000009536744, 0.8620000009536744, 0.8679999995231629, 0.8640000023841858, 0.8540000023841858, 0.8680000023841858, 0.8600000009536743, 0.8679999980926514, 0.8700000023841858, 0.8820000009536744, 0.8679999980926514, 0.8440000023841858, 0.8740000023841857, 0.8600000023841858, 0.8760000009536744, 0.8679999976158143, 0.8600000009536743, 0.8479999995231629, 0.8539999995231629, 0.8920000023841858, 0.856000002861023, 0.8619999980926514, 0.8660000023841858, 0.8779999976158142, 0.8819999976158142, 0.8780000023841857, 0.8840000009536744, 0.872000002861023, 0.8739999990463256, 0.8900000023841858, 0.8640000009536744, 0.8939999990463257, 0.8740000019073486, 0.8740000009536744], "num_epochs": 60, "model": "{\"class_name\": \"Model\", \"keras_version\": \"2.2.2\", \"config\": {\"layers\": [{\"class_name\": \"InputLayer\", \"config\": {\"dtype\": \"float32\", \"batch_input_shape\": [null, 3, 32, 32], \"name\": \"input_1\", \"sparse\": false}, \"inbound_nodes\": [], \"name\": \"input_1\"}, {\"class_name\": \"Conv2D\", \"config\": {\"kernel_constraint\": null, \"kernel_initializer\": {\"class_name\": \"VarianceScaling\", \"config\": {\"distribution\": \"uniform\", \"scale\": 1.0, \"seed\": null, \"mode\": \"fan_avg\"}}, \"name\": \"conv2d_1\", \"bias_regularizer\": null, \"bias_constraint\": null, \"activation\": \"relu\", \"trainable\": true, \"data_format\": \"channels_first\", \"padding\": \"same\", \"strides\": [1, 1], \"dilation_rate\": [1, 1], \"kernel_regularizer\": {\"class_name\": \"L1L2\", \"config\": {\"l2\": 9.999999747378752e-05, \"l1\": 0.0}}, \"filters\": 32, \"bias_initializer\": {\"class_name\": \"Zeros\", \"config\": {}}, \"use_bias\": true, \"activity_regularizer\": null, \"kernel_size\": [3, 3]}, \"inbound_nodes\": [[[\"input_1\", 0, 0, {}]]], \"name\": \"conv2d_1\"}, {\"class_name\": \"BatchNormalization\", \"config\": {\"beta_constraint\": null, \"gamma_initializer\": {\"class_name\": \"Ones\", \"config\": {}}, \"moving_mean_initializer\": {\"class_name\": \"Zeros\", \"config\": {}}, \"name\": \"batch_normalization_1\", \"epsilon\": 0.001, \"trainable\": true, \"moving_variance_initializer\": {\"class_name\": \"Ones\", \"config\": {}}, \"beta_initializer\": {\"class_name\": \"Zeros\", \"config\": {}}, \"scale\": true, \"axis\": -1, \"gamma_constraint\": null, \"gamma_regularizer\": null, \"beta_regularizer\": null, \"momentum\": 0.99, \"center\": true}, \"inbound_nodes\": [[[\"conv2d_1\", 0, 0, {}]]], \"name\": \"batch_normalization_1\"}, {\"class_name\": \"Conv2D\", \"config\": {\"kernel_constraint\": null, \"kernel_initializer\": {\"class_name\": \"VarianceScaling\", \"config\": {\"distribution\": \"uniform\", \"scale\": 1.0, \"seed\": null, \"mode\": \"fan_avg\"}}, \"name\": \"conv2d_2\", \"bias_regularizer\": null, \"bias_constraint\": null, \"activation\": \"relu\", \"trainable\": true, \"data_format\": \"channels_first\", \"padding\": \"same\", \"strides\": [1, 1], \"dilation_rate\": [1, 1], \"kernel_regularizer\": {\"class_name\": \"L1L2\", \"config\": {\"l2\": 9.999999747378752e-05, \"l1\": 0.0}}, \"filters\": 32, \"bias_initializer\": {\"class_name\": \"Zeros\", \"config\": {}}, \"use_bias\": true, \"activity_regularizer\": null, \"kernel_size\": [3, 3]}, \"inbound_nodes\": [[[\"batch_normalization_1\", 0, 0, {}]]], \"name\": \"conv2d_2\"}, {\"class_name\": \"BatchNormalization\", \"config\": {\"beta_constraint\": null, \"gamma_initializer\": {\"class_name\": \"Ones\", \"config\": {}}, \"moving_mean_initializer\": {\"class_name\": \"Zeros\", \"config\": {}}, \"name\": \"batch_normalization_2\", \"epsilon\": 0.001, \"trainable\": true, \"moving_variance_initializer\": {\"class_name\": \"Ones\", \"config\": {}}, \"beta_initializer\": {\"class_name\": \"Zeros\", \"config\": {}}, \"scale\": true, \"axis\": -1, \"gamma_constraint\": null, \"gamma_regularizer\": null, \"beta_regularizer\": null, \"momentum\": 0.99, \"center\": true}, \"inbound_nodes\": [[[\"conv2d_2\", 0, 0, {}]]], \"name\": \"batch_normalization_2\"}, {\"class_name\": \"MaxPooling2D\", \"config\": {\"name\": \"max_pooling2d_1\", \"trainable\": true, \"data_format\": \"channels_first\", \"pool_size\": [2, 2], \"padding\": \"valid\", \"strides\": [2, 2]}, \"inbound_nodes\": [[[\"batch_normalization_2\", 0, 0, {}]]], \"name\": \"max_pooling2d_1\"}, {\"class_name\": \"Dropout\", \"config\": {\"rate\": 0.2, \"noise_shape\": null, \"trainable\": true, \"seed\": null, \"name\": \"dropout_1\"}, \"inbound_nodes\": [[[\"max_pooling2d_1\", 0, 0, {}]]], \"name\": \"dropout_1\"}, {\"class_name\": \"Conv2D\", \"config\": {\"kernel_constraint\": null, \"kernel_initializer\": {\"class_name\": \"VarianceScaling\", \"config\": {\"distribution\": \"uniform\", \"scale\": 1.0, \"seed\": null, \"mode\": \"fan_avg\"}}, \"name\": \"conv2d_3\", \"bias_regularizer\": null, \"bias_constraint\": null, \"activation\": \"relu\", \"trainable\": true, \"data_format\": \"channels_first\", \"padding\": \"same\", 