{"acc": [0.27665411727010575, 0.387395866709388, 0.42946972124319127, 0.45756568407561676, 0.4763497276513938, 0.4909283883370715, 0.5051866388977891, 0.5162207625760974, 0.5284764498558154, 0.5360861903236143, 0.544336751041333, 0.5487223646267222, 0.5543896187119512, 0.5606376161486702, 0.5606576417814803, 0.5664851009291894, 0.568988305030439, 0.5716717398269785, 0.5717318167254085, 0.5732137135533483, 0.5786807113104774, 0.580663248958667, 0.5796419416853572, 0.5824855815443768, 0.5862103492470362, 0.5866108619032362, 0.5832665812239667, 0.5912968599807754, 0.5879525793015059, 0.5890539891060558, 0.593139218199295, 0.5942606536366549, 0.5914570650432553, 0.593980294777315, 0.5951417814802947, 0.5947612944569048, 0.5949615507850048, 0.5985661646908043, 0.5968039090035245, 0.6008290611983339, 0.5960429349567447, 0.599687600128164, 0.6005086510733739, 0.6041733418776033, 0.5994272669016341, 0.6037528035885934, 0.6014498558154437, 0.6043535725728933, 0.6026313681512335, 0.6041933675104133, 0.6053148029477732, 0.605915571932073, 0.606195930791413, 0.605655238705543, 0.6060557513617431, 0.6102811598846524, 0.606276033322653, 0.6089594681191925, 0.6087592117910926, 0.608094590268886], "loss": [2.0177899786617006, 1.662079482229808, 1.555053740310119, 1.494107185132761, 1.4449768354021102, 1.4086356162260985, 1.373632116983885, 1.3449972142244295, 1.321475966050815, 1.2985767721556885, 1.2788997159024074, 1.2697929716461631, 1.248759676538496, 1.2424192935829932, 1.2378562314508055, 1.2254823502803682, 1.2202122297587972, 1.2125634982088598, 1.2085581658475486, 1.2047786149830437, 1.195289791871706, 1.1881245941697156, 1.185603245486437, 1.1843871722348185, 1.1749353664343802, 1.1715980081060153, 1.176346929819681, 1.165391801909276, 1.1624636917074533, 1.165663403297456, 1.1566868715850025, 1.1570360264461876, 1.1547112062702345, 1.1515400920950118, 1.1486865310323655, 1.1520426360432516, 1.1515716960971762, 1.1414663539181837, 1.1463739295603181, 1.1363227657307726, 1.1422785630175716, 1.1380406704440937, 1.1362232240260086, 1.1262300807060015, 1.1314757544426763, 1.13260812993922, 1.133131951828944, 1.12774715848322, 1.129697101156668, 1.1325097905065493, 1.124203139029799, 1.123879698712411, 1.1196433326366122, 1.1263139161571636, 1.1190873653756546, 1.1171620438321208, 1.121950227723065, 1.114307174618448, 1.1124256978009, 1.1137690309067847], "num_final_test": 10000, "num_params": 7646, "final accuracy": [1.1123802057266234, 0.6185], "num_filters": 4, "steps_per_epoch": 781, "num_val_test": 500, "val_acc": [0.35200000047683716, 0.4500000002384186, 0.46399999856948854, 0.47799999856948855, 0.5040000014305115, 0.5179999990463257, 0.5399999995231628, 0.5440000009536743, 0.5579999990463257, 0.5559999990463257, 0.5559999980926513, 0.5880000023841858, 0.5699999976158142, 0.5619999995231628, 0.5760000009536743, 0.5659999995231628, 0.5640000023841858, 0.5540000028610229, 0.5940000023841858, 0.5859999995231628, 0.5799999976158142, 0.5780000009536743, 0.5759999995231628, 0.5900000023841858, 0.5920000009536743, 0.5920000009536743, 0.5840000009536743, 0.5880000009536743, 0.6059999990463257, 0.6020000009536743, 0.6020000023841858, 0.5899999995231628, 0.5980000023841858, 0.5659999995231628, 0.5900000023841858, 0.5960000023841858, 0.6120000023841858, 0.5860000009536743, 0.5960000023841858, 0.5980000023841858, 0.5999999976158142, 0.5879999995231628, 0.6119999976158143, 0.6060000023841858, 0.5900000009536743, 0.5979999980926514, 0.5980000009536743, 0.5960000009536743, 0.6060000023841858, 0.6080000009536743, 0.6059999995231629, 0.6139999976158143, 0.6080000023841858, 0.6019999976158142, 0.6179999976158143, 0.6120000009536744, 0.6120000023841858, 0.6099999995231629, 0.6060000009536743, 0.6080000023841858], "num_epochs": 60, "model": "{\"class_name\": \"Model\", \"keras_version\": \"2.2.2\", \"config\": {\"layers\": [{\"class_name\": \"InputLayer\", \"config\": {\"dtype\": \"float32\", \"batch_input_shape\": [null, 3, 32, 32], \"name\": \"input_1\", \"sparse\": false}, \"inbound_nodes\": [], \"name\": \"input_1\"}, {\"class_name\": \"Conv2D\", \"config\": {\"kernel_constraint\": null, \"kernel_initializer\": {\"class_name\": \"VarianceScaling\", \"config\": {\"distribution\": \"uniform\", \"scale\": 1.0, \"seed\": null, \"mode\": \"fan_avg\"}}, \"name\": \"conv2d_1\", \"bias_regularizer\": null, \"bias_constraint\": null, \"activation\": \"relu\", \"trainable\": true, \"data_format\": \"channels_first\", \"padding\": \"same\", \"strides\": [1, 1], \"dilation_rate\": [1, 1], \"kernel_regularizer\": {\"class_name\": \"L1L2\", \"config\": {\"l2\": 9.999999747378752e-05, \"l1\": 0.0}}, \"filters\": 4, \"bias_initializer\": {\"class_name\": \"Zeros\", \"config\": {}}, \"use_bias\": true, \"activity_regularizer\": null, \"kernel_size\": [3, 3]}, \"inbound_nodes\": [[[\"input_1\", 0, 0, {}]]], \"name\": \"conv2d_1\"}, {\"class_name\": \"BatchNormalization\", \"config\": {\"beta_constraint\": null, \"gamma_initializer\": {\"class_name\": \"Ones\", \"config\": {}}, \"moving_mean_initializer\": {\"class_name\": \"Zeros\", \"config\": {}}, \"name\": \"batch_normalization_1\", \"epsilon\": 0.001, \"trainable\": true, \"moving_variance_initializer\": {\"class_name\": \"Ones\", \"config\": {}}, \"beta_initializer\": {\"class_name\": \"Zeros\", \"config\": {}}, \"scale\": true, \"axis\": -1, \"gamma_constraint\": null, \"gamma_regularizer\": null, \"beta_regularizer\": null, \"momentum\": 0.99, \"center\": true}, \"inbound_nodes\": [[[\"conv2d_1\", 0, 0, {}]]], \"name\": \"batch_normalization_1\"}, {\"class_name\": \"Conv2D\", \"config\": {\"kernel_constraint\": null, \"kernel_initializer\": {\"class_name\": \"VarianceScaling\", \"config\": {\"distribution\": \"uniform\", \"scale\": 1.0, \"seed\": null, \"mode\": \"fan_avg\"}}, \"name\": \"conv2d_2\", \"bias_regularizer\": null, \"bias_constraint\": null, \"activation\": \"relu\", \"trainable\": true, \"data_format\": \"channels_first\", \"padding\": \"same\", \"strides\": [1, 1], \"dilation_rate\": [1, 1], \"kernel_regularizer\": {\"class_name\": \"L1L2\", \"config\": {\"l2\": 9.999999747378752e-05, \"l1\": 0.0}}, \"filters\": 4, \"bias_initializer\": {\"class_name\": \"Zeros\", \"config\": {}}, \"use_bias\": true, \"activity_regularizer\": null, \"kernel_size\": [3, 3]}, \"inbound_nodes\": [[[\"batch_normalization_1\", 0, 0, {}]]], \"name\": \"conv2d_2\"}, {\"class_name\": \"BatchNormalization\", \"config\": {\"beta_constraint\": null, \"gamma_initializer\": {\"class_name\": \"Ones\", \"config\": {}}, \"moving_mean_initializer\": {\"class_name\": \"Zeros\", \"config\": {}}, \"name\": \"batch_normalization_2\", \"epsilon\": 0.001, \"trainable\": true, \"moving_variance_initializer\": {\"class_name\": \"Ones\", \"config\": {}}, \"beta_initializer\": {\"class_name\": \"Zeros\", \"config\": {}}, \"scale\": true, \"axis\": -1, \"gamma_constraint\": null, \"gamma_regularizer\": null, \"beta_regularizer\": null, \"momentum\": 0.99, \"center\": true}, \"inbound_nodes\": [[[\"conv2d_2\", 0, 0, {}]]], \"name\": \"batch_normalization_2\"}, {\"class_name\": \"MaxPooling2D\", \"config\": {\"name\": \"max_pooling2d_1\", \"trainable\": true, \"data_format\": \"channels_first\", \"pool_size\": [2, 2], \"padding\": \"valid\", \"strides\": [2, 2]}, \"inbound_nodes\": [[[\"batch_normalization_2\", 0, 0, {}]]], \"name\": \"max_pooling2d_1\"}, {\"class_name\": \"Dropout\", \"config\": {\"rate\": 0.2, \"noise_shape\": null, \"trainable\": true, \"seed\": null, \"name\": \"dropout_1\"}, \"inbound_nodes\": [[[\"max_pooling2d_1\", 0, 0, {}]]], \"name\": \"dropout_1\"}, {\"class_name\": \"Conv2D\", \"config\": {\"kernel_constraint\": null, \"kernel_initializer\": {\"class_name\": \"VarianceScaling\", \"config\": {\"distribution\": \"uniform\", \"scale\": 1.0, \"seed\": null, \"mode\": \"fan_avg\"}}, \"name\": \"conv2d_3\", \"bias_regularizer\": null, \"bias_constraint\": null, \"activation\": \"relu\", \"trainable\": true, \"data_format\": 